{
  "enero": {
    "mes_nombre": "ENERO",
    "mes_num": 1,
    "año": 2026,
    "ventas": 118029253.9,
    "costo_ventas": 84306609.91,
    "gastos_empresa": 4114251.96,
    "impuestos": 0.0,
    "servicios": 6464645.81,
    "sueldos": 10652559.29,
    "gastos_bancarios": 8181410.25,
    "gastos_mercado_pago": 762787.29,
    "gastos_posnet": 1976586.41,
    "extraordinarios": 0.0,
    "compras": 91670100.65,
    "stock_cierre": 50966649.61,
    "saldo_proveedores": 70749748.95,
    "saldo_clientes": 0.0,
    "resultado_economico": 1570402.958,
    "total_egresos": 116458850.92,
    "margen_neto": 1.3305201093031733,
    "rubro_carnes": 33793790.25999998,
    "rubro_fiambres": 16668538.320000011,
    "rubro_comestibles": 14716623.479999991,
    "rubro_bebidas": 11103874.159999996,
    "rubro_verduras": 11264490.459999986,
    "rubro_panificacion": 5944487.949999996,
    "rubro_pollo": 5373260.74,
    "rubro_lacteos": 4347987.059999999,
    "rubro_limpieza": 4026506.9000000004,
    "rubro_kiosco": 2143332.4699999997,
    "rubro_otros": 8646362.42,
    "rubro_otros_cerdo": 2282692.6500000004,
    "rubro_otros_rotiseria": 2055869.2800000003,
    "rubro_otros_perfumeria": 1579291.28,
    "rubro_otros_frescos": 1384939.11,
    "rubro_otros_congelados": 961661.87,
    "rubro_otros_varios": 381908.23,
    "rubro_otros_descartables": 0
  },
  "febrero": {
    "mes_nombre": "FEBRERO",
    "mes_num": 2,
    "año": 2026,
    "ventas": 110962659.7,
    "costo_ventas": 79259042.67,
    "gastos_empresa": 3979518.98,
    "impuestos": 1854481.35,
    "servicios": 6454403.135,
    "sueldos": 9643608.695,
    "gastos_bancarios": 4371377.56,
    "gastos_mercado_pago": 2121427.62,
    "gastos_posnet": 1882634.88,
    "extraordinarios": 0.0,
    "compras": 82475321.12,
    "stock_cierre": 55297369.9,
    "saldo_proveedores": 63271257.94,
    "saldo_clientes": 3185413.62,
    "resultado_economico": 1396164.848,
    "total_egresos": 109566494.89000002,
    "margen_neto": 1.2582294366183078,
    "rubro_carnes": 33420044.049999997,
    "rubro_fiambres": 15088838.199999996,
    "rubro_comestibles": 12754148.119999988,
    "rubro_bebidas": 10656961.670000002,
    "rubro_verduras": 9878199.71,
    "rubro_panificacion": 5801778.62,
    "rubro_pollo": 5200638.52,
    "rubro_lacteos": 4432839.6899999995,
    "rubro_limpieza": 3364071.1799999992,
    "rubro_kiosco": 2300935.2900000005,
    "rubro_otros": 8063725.600000001,
    "rubro_otros_cerdo": 2427888.89,
    "rubro_otros_rotiseria": 1820915.9,
    "rubro_otros_perfumeria": 1293351.44,
    "rubro_otros_frescos": 1166535.7000000002,
    "rubro_otros_congelados": 962295.4,
    "rubro_otros_varios": 392738.27,
    "rubro_otros_descartables": 0
  },
  "marzo": {
    "mes_nombre": "MARZO",
    "mes_num": 3,
    "año": 2026,
    "ventas": 121227140.0,
    "costo_ventas": 86590814.29,
    "gastos_empresa": 5241571.46,
    "impuestos": 0.0,
    "servicios": 6707017.64,
    "sueldos": 10550821.18,
    "gastos_bancarios": 5023566.71,
    "gastos_mercado_pago": 2268969.06,
    "gastos_posnet": 1713457.49,
    "extraordinarios": 0.0,
    "compras": 95738691.33,
    "stock_cierre": 52165078.29,
    "saldo_proveedores": 0.0,
    "saldo_clientes": 0.0,
    "resultado_economico": 3130922.171,
    "total_egresos": 118096217.82999998,
    "margen_neto": 2.5826907827735606,
    "rubro_carnes": 35909483.13,
    "rubro_fiambres": 16196804.74,
    "rubro_comestibles": 13600693.0,
    "rubro_bebidas": 10693669.66,
    "rubro_verduras": 12400154.88,
    "rubro_panificacion": 6429397.79,
    "rubro_pollo": 5069261.16,
    "rubro_lacteos": 4944339.25,
    "rubro_limpieza": 3848175.82,
    "rubro_kiosco": 3350390.53,
    "rubro_otros": 8756780.33,
    "rubro_otros_cerdo": 2205415.07,
    "rubro_otros_rotiseria": 2430722.39,
    "rubro_otros_perfumeria": 1591921.58,
    "rubro_otros_frescos": 1281679.63,
    "rubro_otros_congelados": 845335.88,
    "rubro_otros_varios": 317742.97,
    "rubro_otros_descartables": 83962.81
  },
  "abril": {
    "mes_nombre": "ABRIL",
    "mes_num": 4,
    "año": 2026,
    "ventas": 115576626.8,
    "costo_ventas": 82554733.39,
    "gastos_empresa": 4712205.61,
    "impuestos": 0.0,
    "servicios": 6879174.68,
    "sueldos": 11258480.42,
    "gastos_bancarios": 2090576.27,
    "gastos_mercado_pago": 2688190.74,
    "gastos_posnet": 3440643.86,
    "extraordinarios": 0.0,
    "compras": 92056678.67,
    "stock_cierre": 0.0,
    "saldo_proveedores": 55581581.31,
    "saldo_clientes": 0.0,
    "resultado_economico": 1952621.778,
    "total_egresos": 113624004.97,
    "margen_neto": 1.6894607777218844,
    "rubro_carnes": 35042570.63,
    "rubro_fiambres": 15881467.52,
    "rubro_comestibles": 13840750.23,
    "rubro_bebidas": 9190684.62,
    "rubro_verduras": 10475086.01,
    "rubro_panificacion": 6278540.39,
    "rubro_pollo": 4529577.77,
    "rubro_lacteos": 4747175.01,
    "rubro_limpieza": 3436705.88,
    "rubro_kiosco": 4478967.8,
    "rubro_otros": 7635588.140000001,
    "rubro_otros_cerdo": 2667046.43,
    "rubro_otros_rotiseria": 1044835.01,
    "rubro_otros_perfumeria": 1385198.6,
    "rubro_otros_frescos": 1168335.14,
    "rubro_otros_congelados": 903767.94,
    "rubro_otros_varios": 375884.02,
    "rubro_otros_descartables": 90521.0
  }
}